Partido,Municipio,Cargo,Elección,Nombre_completo
FUERZA Y CORAZÓN POR SONORA,ACONCHI,PRESIDENTE MUNICIPAL,AYUNTAMIENTOS,VIRIDIANA DE LA TORRE MANRIQUEZ
FUERZA Y CORAZÓN POR SONORA,AGUA PRIETA,PRESIDENTE MUNICIPAL,AYUNTAMIENTOS,JESUS CARLOS BATISTA LAMADRID
FUERZA Y CORAZÓN POR SONORA,ALAMOS,PRESIDENTE MUNICIPAL,AYUNTAMIENTOS,HÉCTOR JAVIER SANCHEZ VALDEZ
FUERZA Y CORAZÓN POR SONORA,ALTAR,PRESIDENTE MUNICIPAL,AYUNTAMIENTOS,LAURA INES QUIHUIS MENDOZA
FUERZA Y CORAZÓN POR SONORA,ARIVECHI,PRESIDENTE MUNICIPAL,AYUNTAMIENTOS,YOLANDA EMIGDIO MENDEZ
FUERZA Y CORAZÓN POR SONORA,ARIZPE,PRESIDENTE MUNICIPAL,AYUNTAMIENTOS,DULCE GRISELDA ALVARADO MORALES
FUERZA Y CORAZÓN POR SONORA,BACADEHUACHI,PRESIDENTE MUNICIPAL,AYUNTAMIENTOS,JOAQUIN JAIME MORENO
FUERZA Y CORAZÓN POR SONORA,BACANORA,PRESIDENTE MUNICIPAL,AYUNTAMIENTOS,JULIAN JAVIER URQUIJO LUGO
FUERZA Y CORAZÓN POR SONORA,BACERAC,PRESIDENTE MUNICIPAL,AYUNTAMIENTOS,MARIA MONSERRAT RAMIREZ MOLINA
FUERZA Y CORAZÓN POR SONORA,BAVISPE,PRESIDENTE MUNICIPAL,AYUNTAMIENTOS,MELVIN ROMERO PEDREGO
FUERZA Y CORAZÓN POR SONORA,CABORCA,PRESIDENTE MUNICIPAL,AYUNTAMIENTOS,DANIEL SALAZAR BALLESTEROS
FUERZA Y CORAZÓN POR SONORA,CAJEME,PRESIDENTE MUNICIPAL,AYUNTAMIENTOS,LUIS ARMANDO ALCALA ALCARAZ
FUERZA Y CORAZÓN POR SONORA,CANANEA,PRESIDENTE MUNICIPAL,AYUNTAMIENTOS,MARTIN ADRIAN PAZ BUSTAMANTE
FUERZA Y CORAZÓN POR SONORA,CUMPAS,PRESIDENTE MUNICIPAL,AYUNTAMIENTOS,JESUS ALBERTO OJEDA CASTELLANOS
FUERZA Y CORAZÓN POR SONORA,DIVISADEROS,PRESIDENTE MUNICIPAL,AYUNTAMIENTOS,MARIA EDENIA BALDERRAMA OCEJO
FUERZA Y CORAZÓN POR SONORA,ETCHOJOA,PRESIDENTE MUNICIPAL,AYUNTAMIENTOS,JESUS ROSARIO RODRIGUEZ QUIÑONES
FUERZA Y CORAZÓN POR SONORA,GRANADOS,PRESIDENTE MUNICIPAL,AYUNTAMIENTOS,OFELIA DUARTE RIOS
FUERZA Y CORAZÓN POR SONORA,GUAYMAS,PRESIDENTE MUNICIPAL,AYUNTAMIENTOS,FRANCISCO ROGELIO SANCHEZ DE LA VEGA
FUERZA Y CORAZÓN POR SONORA,HERMOSILLO,PRESIDENTE MUNICIPAL,AYUNTAMIENTOS,ANTONIO FRANCISCO ASTIAZARAN GUTIERREZ
FUERZA Y CORAZÓN POR SONORA,HUACHINERA,PRESIDENTE MUNICIPAL,AYUNTAMIENTOS,MAVIDENIA RAMOS HOLGUIN
FUERZA Y CORAZÓN POR SONORA,HUASABAS,PRESIDENTE MUNICIPAL,AYUNTAMIENTOS,ANDREA ORDUÑO RAMIREZ
FUERZA Y CORAZÓN POR SONORA,HUATABAMPO,PRESIDENTE MUNICIPAL,AYUNTAMIENTOS,RAMON ANTONIO DIAZ NIEBLAS
FUERZA Y CORAZÓN POR SONORA,HUEPAC,PRESIDENTE MUNICIPAL,AYUNTAMIENTOS,JESUS ALFONSO LOPEZ LOPEZ
FUERZA Y CORAZÓN POR SONORA,LA COLORADA,PRESIDENTE MUNICIPAL,AYUNTAMIENTOS,FERNANDO VIDAL ENCINAS
FUERZA Y CORAZÓN POR SONORA,MAGDALENA,PRESIDENTE MUNICIPAL,AYUNTAMIENTOS,FRANCISCO ARTURO DUARTE VALDEZ
FUERZA Y CORAZÓN POR SONORA,MAZATAN,PRESIDENTE MUNICIPAL,AYUNTAMIENTOS,OLINKA GUADALUPE ANDRADE GRACIA
FUERZA Y CORAZÓN POR SONORA,MOCTEZUMA,PRESIDENTE MUNICIPAL,AYUNTAMIENTOS,FRANCISCO ARNALDO MONGE ARAIZA
FUERZA Y CORAZÓN POR SONORA,NACORI CHICO,PRESIDENTE MUNICIPAL,AYUNTAMIENTOS,KARLA DENISSE BURGOS SANTACRUZ
FUERZA Y CORAZÓN POR SONORA,NACOZARI DE GARCIA,PRESIDENTE MUNICIPAL,AYUNTAMIENTOS,IMELDA GASTELUM MENDIVIL
FUERZA Y CORAZÓN POR SONORA,NAVOJOA,PRESIDENTE MUNICIPAL,AYUNTAMIENTOS,JORGE LUIS GARCIA LEON MORALES
FUERZA Y CORAZÓN POR SONORA,NOGALES,PRESIDENTE MUNICIPAL,AYUNTAMIENTOS,LETICIA AMPARANO GAMEZ
FUERZA Y CORAZÓN POR SONORA,ONAVAS,PRESIDENTE MUNICIPAL,AYUNTAMIENTOS,ALMA DOLORES MUNGUIA ESTRELLA
FUERZA Y CORAZÓN POR SONORA,OPODEPE,PRESIDENTE MUNICIPAL,AYUNTAMIENTOS,MARIA DEL REFUGIO DEL VILLAR CHAVEZ
FUERZA Y CORAZÓN POR SONORA,PITIQUITO,PRESIDENTE MUNICIPAL,AYUNTAMIENTOS,DULCE AZUCENA SALAS TRUJILLO
FUERZA Y CORAZÓN POR SONORA,PUERTO PEÑASCO,PRESIDENTE MUNICIPAL,AYUNTAMIENTOS,MARTHA HERLINDA PIVAC CARRILLO
FUERZA Y CORAZÓN POR SONORA,QUIRIEGO,PRESIDENTE MUNICIPAL,AYUNTAMIENTOS,CLAUDIA ROJAS JUZANO
FUERZA Y CORAZÓN POR SONORA,RAYON,PRESIDENTE MUNICIPAL,AYUNTAMIENTOS,ALEJANDRO LUIS GRIJALVA ROBLES
FUERZA Y CORAZÓN POR SONORA,SAHUARIPA,PRESIDENTE MUNICIPAL,AYUNTAMIENTOS,LUIS CARLOS GALINDO DUARTE
FUERZA Y CORAZÓN POR SONORA,SAN FELIPE DE JESUS,PRESIDENTE MUNICIPAL,AYUNTAMIENTOS,DELFINA LILLIAN OCHOA
FUERZA Y CORAZÓN POR SONORA,SAN IGNACIO RIO MUERTO,PRESIDENTE MUNICIPAL,AYUNTAMIENTOS,CRISTIAN GILBERTO VARA LOPEZ
FUERZA Y CORAZÓN POR SONORA,SAN LUIS RIO COLORADO,PRESIDENTE MUNICIPAL,AYUNTAMIENTOS,NORBERTO CORONA MENDOZA
FUERZA Y CORAZÓN POR SONORA,SAN MIGUEL DE HORCASITAS,PRESIDENTE MUNICIPAL,AYUNTAMIENTOS,GERMAN GERARDO OCHOA ESPARZA
FUERZA Y CORAZÓN POR SONORA,SAN PEDRO DE LA CUEVA,PRESIDENTE MUNICIPAL,AYUNTAMIENTOS,KARINA VERONICA CASTILLO YANES
FUERZA Y CORAZÓN POR SONORA,SANTA CRUZ,PRESIDENTE MUNICIPAL,AYUNTAMIENTOS,ROSALIA ROSAS GRIJALVA
FUERZA Y CORAZÓN POR SONORA,SARIC,PRESIDENTE MUNICIPAL,AYUNTAMIENTOS,LUIS OSVALDO PARRA SOTO
FUERZA Y CORAZÓN POR SONORA,SOYOPA,PRESIDENTE MUNICIPAL,AYUNTAMIENTOS,GUADALUPE ZUÑIGA LUGO
FUERZA Y CORAZÓN POR SONORA,TRINCHERAS,PRESIDENTE MUNICIPAL,AYUNTAMIENTOS,DEBORAH YANETH MURRIETA MONTOYA
FUERZA Y CORAZÓN POR SONORA,TUBUTAMA,PRESIDENTE MUNICIPAL,AYUNTAMIENTOS,SANTOS CASTAÑEDA BARCELO
FUERZA Y CORAZÓN POR SONORA,URES,PRESIDENTE MUNICIPAL,AYUNTAMIENTOS,HECTOR GASTON RODRIGUEZ GALINDO
FUERZA Y CORAZÓN POR SONORA,VILLA HIDALGO,PRESIDENTE MUNICIPAL,AYUNTAMIENTOS,ALMA IRENE URQUIJO 
FUERZA Y CORAZÓN POR SONORA,YECORA,PRESIDENTE MUNICIPAL,AYUNTAMIENTOS,DELMA ACUÑA MOLINA
INDEPENDIENTE A,NOGALES,PRESIDENTE MUNICIPAL,AYUNTAMIENTOS,JOSE DE JESUS BAEZ GALVEZ
INDEPENDIENTE A,ETCHOJOA,PRESIDENTE MUNICIPAL,AYUNTAMIENTOS,SEBASTIAN DE JESUS VALENZUELA VALENZUELA
INDEPENDIENTE A,SANTA ANA,PRESIDENTE MUNICIPAL,AYUNTAMIENTOS,GERARDO LEYVA GONZALEZ
INDEPENDIENTE A,MAGDALENA,PRESIDENTE MUNICIPAL,AYUNTAMIENTOS,OMAR ORTEZ GUERRERO
INDEPENDIENTE A,NACOZARI DE GARCIA,PRESIDENTE MUNICIPAL,AYUNTAMIENTOS,PEDRO MORGHEN RIVERA
INDEPENDIENTE B,SANTA ANA,PRESIDENTE MUNICIPAL,AYUNTAMIENTOS,AGUSTIN RODRIGUEZ SERRATO
MORENA,ALTAR,PRESIDENTE MUNICIPAL,AYUNTAMIENTOS,LUIS ANGEL VALENZUELA MENDIVIL
MORENA,BENITO JUAREZ,PRESIDENTE MUNICIPAL,AYUNTAMIENTOS,EDNA SOFIA RASCON LUZANILLA
MORENA,SARIC,PRESIDENTE MUNICIPAL,AYUNTAMIENTOS,EDGARDO VALENZUELA QUIROZ
"MORENA,PT,PVEM,NAS,PES",ACONCHI,PRESIDENTE MUNICIPAL,AYUNTAMIENTOS,JUDITH REYNA DEL CARMEN ICEDO QUIJADA
"MORENA,PT,PVEM,NAS,PES",AGUA PRIETA,PRESIDENTE MUNICIPAL,AYUNTAMIENTOS,JOSE MANUEL QUIJADA LAMADRID
"MORENA,PT,PVEM,NAS,PES",ALAMOS,PRESIDENTE MUNICIPAL,AYUNTAMIENTOS,SAMUEL BORBON LARA
"MORENA,PT,PVEM,NAS,PES",ARIVECHI,PRESIDENTE MUNICIPAL,AYUNTAMIENTOS,FRANCISCO FLORES ROBLES
"MORENA,PT,PVEM,NAS,PES",ARIZPE,PRESIDENTE MUNICIPAL,AYUNTAMIENTOS,KASSANDRA GUADALUPE MEDRANO FIMBRES
"MORENA,PT,PVEM,NAS,PES",ATIL,PRESIDENTE MUNICIPAL,AYUNTAMIENTOS,ANTONIO FEDERICO CELAYA URIAS
"MORENA,PT,PVEM,NAS,PES",BACADEHUACHI,PRESIDENTE MUNICIPAL,AYUNTAMIENTOS,LUIS ALFONSO SIERRA VILLAESCUSA
"MORENA,PT,PVEM,NAS,PES",BACANORA,PRESIDENTE MUNICIPAL,AYUNTAMIENTOS,NORA ALICIA BIEBRICH DUARTE
"MORENA,PT,PVEM,NAS,PES",BACERAC,PRESIDENTE MUNICIPAL,AYUNTAMIENTOS,VIRGEN IGNACIA LOPEZ VALENZUELA
"MORENA,PT,PVEM,NAS,PES",BACUM,PRESIDENTE MUNICIPAL,AYUNTAMIENTOS,SERGE ENRIQUEZ TOLANO
"MORENA,PT,PVEM,NAS,PES",BANAMICHI,PRESIDENTE MUNICIPAL,AYUNTAMIENTOS,EDNA PATRICIA SERRANO PEÑA
"MORENA,PT,PVEM,NAS,PES",BAVIACORA,PRESIDENTE MUNICIPAL,AYUNTAMIENTOS,DULCE MARIA ROMERO MORALES
"MORENA,PT,PVEM,NAS,PES",BAVISPE,PRESIDENTE MUNICIPAL,AYUNTAMIENTOS,CONRADO DURAZO MONTAÑO
"MORENA,PT,PVEM,NAS,PES",BENJAMIN HILL,PRESIDENTE MUNICIPAL,AYUNTAMIENTOS,YESSICA YURIDIA BARRAZA CELAYA
"MORENA,PT,PVEM,NAS,PES",CABORCA,PRESIDENTE MUNICIPAL,AYUNTAMIENTOS,ABRAHAM DAVID MIER NOGALES
"MORENA,PT,PVEM,NAS,PES",CAJEME,PRESIDENTE MUNICIPAL,AYUNTAMIENTOS,CARLOS JAVIER LAMARQUE CANO
"MORENA,PT,PVEM,NAS,PES",CANANEA,PRESIDENTE MUNICIPAL,AYUNTAMIENTOS,CARMEN ESMERALDA GONZALEZ TAPIA
"MORENA,PT,PVEM,NAS,PES",CARBO,PRESIDENTE MUNICIPAL,AYUNTAMIENTOS,SYLVIA LENIKA PLACENCIA LEAL
"MORENA,PT,PVEM,NAS,PES",CUCURPE,PRESIDENTE MUNICIPAL,AYUNTAMIENTOS,EDGAR AARON PALOMINO AYON
"MORENA,PT,PVEM,NAS,PES",DIVISADEROS,PRESIDENTE MUNICIPAL,AYUNTAMIENTOS,CLAUDIO PERALTA GRACIA
"MORENA,PT,PVEM,NAS,PES",EMPALME,PRESIDENTE MUNICIPAL,AYUNTAMIENTOS,LUIS FUENTES AGUILAR
"MORENA,PT,PVEM,NAS,PES",ETCHOJOA,PRESIDENTE MUNICIPAL,AYUNTAMIENTOS,LUIS ARTURO ROBLES HIGUERA
"MORENA,PT,PVEM,NAS,PES",FRONTERAS,PRESIDENTE MUNICIPAL,AYUNTAMIENTOS,ESMERALDA LUNA HERRERA
"MORENA,PT,PVEM,NAS,PES",GENERAL PLUTARCO ELIAS CALLES,PRESIDENTE MUNICIPAL,AYUNTAMIENTOS,LUIS ENRIQUE VALDEZ REYES
"MORENA,PT,PVEM,NAS,PES",GRANADOS,PRESIDENTE MUNICIPAL,AYUNTAMIENTOS,LIDIA AZUCENA CORONADO DURAZO
"MORENA,PT,PVEM,NAS,PES",GUAYMAS,PRESIDENTE MUNICIPAL,AYUNTAMIENTOS,KARLA CORDOVA GONZALEZ
"MORENA,PT,PVEM,NAS,PES",HERMOSILLO,PRESIDENTE MUNICIPAL,AYUNTAMIENTOS,MARIA DOLORES DEL RIO SANCHEZ
"MORENA,PT,PVEM,NAS,PES",HUACHINERA,PRESIDENTE MUNICIPAL,AYUNTAMIENTOS,MARIA AZUCENA VERDUGO 
"MORENA,PT,PVEM,NAS,PES",HUATABAMPO,PRESIDENTE MUNICIPAL,AYUNTAMIENTOS,ALBERTO VAZQUEZ VALENCIA
"MORENA,PT,PVEM,NAS,PES",HUEPAC,PRESIDENTE MUNICIPAL,AYUNTAMIENTOS,GLORIA RITA CONTRERAS LOPEZ
"MORENA,PT,PVEM,NAS,PES",LA COLORADA,PRESIDENTE MUNICIPAL,AYUNTAMIENTOS,CONSUELO BERNAL REYES
"MORENA,PT,PVEM,NAS,PES",MAGDALENA,PRESIDENTE MUNICIPAL,AYUNTAMIENTOS,ALMA LETICIA SOBARZO LOPEZ
"MORENA,PT,PVEM,NAS,PES",MAZATAN,PRESIDENTE MUNICIPAL,AYUNTAMIENTOS,LEOBARDO PACO OLGUIN
"MORENA,PT,PVEM,NAS,PES",MOCTEZUMA,PRESIDENTE MUNICIPAL,AYUNTAMIENTOS,JOSE ALFREDO QUIJADA MARQUEZ
"MORENA,PT,PVEM,NAS,PES",NACORI CHICO,PRESIDENTE MUNICIPAL,AYUNTAMIENTOS,GUILLERMO AMAYA CORDOVA
"MORENA,PT,PVEM,NAS,PES",NACOZARI DE GARCIA,PRESIDENTE MUNICIPAL,AYUNTAMIENTOS,RAYMUNDO ARIAS GALINDO
"MORENA,PT,PVEM,NAS,PES",NAVOJOA,PRESIDENTE MUNICIPAL,AYUNTAMIENTOS,JORGE ALBERTO ELIAS RETES
"MORENA,PT,PVEM,NAS,PES",NOGALES,PRESIDENTE MUNICIPAL,AYUNTAMIENTOS,JUAN FRANCISCO GIM NOGALES
"MORENA,PT,PVEM,NAS,PES",ONAVAS,PRESIDENTE MUNICIPAL,AYUNTAMIENTOS,DENEIRA GARELIZ HUMAR
"MORENA,PT,PVEM,NAS,PES",OPODEPE,PRESIDENTE MUNICIPAL,AYUNTAMIENTOS,LORENZO FAVIAN SANTA MARIA BROCKMAN
"MORENA,PT,PVEM,NAS,PES",OQUITOA,PRESIDENTE MUNICIPAL,AYUNTAMIENTOS,FRANCISCA FU CALIXTRO
"MORENA,PT,PVEM,NAS,PES",PITIQUITO,PRESIDENTE MUNICIPAL,AYUNTAMIENTOS,JANETH GARCIA MAZON
"MORENA,PT,PVEM,NAS,PES",PUERTO PEÑASCO,PRESIDENTE MUNICIPAL,AYUNTAMIENTOS,OSCAR EDUARDO CASTRO CASTRO
"MORENA,PT,PVEM,NAS,PES",QUIRIEGO,PRESIDENTE MUNICIPAL,AYUNTAMIENTOS,JUAN IGNACIO ZAZUETA RUIZ
"MORENA,PT,PVEM,NAS,PES",RAYON,PRESIDENTE MUNICIPAL,AYUNTAMIENTOS,LUZ MARIA VILLEGAS HUARAQUI
"MORENA,PT,PVEM,NAS,PES",ROSARIO,PRESIDENTE MUNICIPAL,AYUNTAMIENTOS,GERARDO MENDIVIL VALENZUELA
"MORENA,PT,PVEM,NAS,PES",SAHUARIPA,PRESIDENTE MUNICIPAL,AYUNTAMIENTOS,ANA ALICIA SERRANO PERALTA
"MORENA,PT,PVEM,NAS,PES",SAN FELIPE DE JESUS,PRESIDENTE MUNICIPAL,AYUNTAMIENTOS,VICTOR MANUEL YEPIZ ARREDONDO
"MORENA,PT,PVEM,NAS,PES",SAN IGNACIO RIO MUERTO,PRESIDENTE MUNICIPAL,AYUNTAMIENTOS,ABEL GONZALEZ AMBRIZ
"MORENA,PT,PVEM,NAS,PES",SAN JAVIER,PRESIDENTE MUNICIPAL,AYUNTAMIENTOS,ROSA MARIA ENCINAS CORNEJO
"MORENA,PT,PVEM,NAS,PES",SAN LUIS RIO COLORADO,PRESIDENTE MUNICIPAL,AYUNTAMIENTOS,CESAR IVAN SANDOVAL GAMEZ
"MORENA,PT,PVEM,NAS,PES",SAN MIGUEL DE HORCASITAS,PRESIDENTE MUNICIPAL,AYUNTAMIENTOS,ANDREA ACUÑA LAGARDA
"MORENA,PT,PVEM,NAS,PES",SAN PEDRO DE LA CUEVA,PRESIDENTE MUNICIPAL,AYUNTAMIENTOS,ELDA NORIEGA NIEBLAS
"MORENA,PT,PVEM,NAS,PES",SANTA ANA,PRESIDENTE MUNICIPAL,AYUNTAMIENTOS,FRANCISCO AVECHUCO ZEREGA
"MORENA,PT,PVEM,NAS,PES",SANTA CRUZ,PRESIDENTE MUNICIPAL,AYUNTAMIENTOS,IVONNE LORTA ORTEGA
"MORENA,PT,PVEM,NAS,PES",SOYOPA,PRESIDENTE MUNICIPAL,AYUNTAMIENTOS,MONSERRAT TREVIZO CORONADO
"MORENA,PT,PVEM,NAS,PES",SUAQUI GRANDE,PRESIDENTE MUNICIPAL,AYUNTAMIENTOS,ANA ESMERALDA CASTILLO GURROLA
"MORENA,PT,PVEM,NAS,PES",TEPACHE,PRESIDENTE MUNICIPAL,AYUNTAMIENTOS,JUAN CARLOS MORENO MORENO
"MORENA,PT,PVEM,NAS,PES",TUBUTAMA,PRESIDENTE MUNICIPAL,AYUNTAMIENTOS,SOFIA VILLAREAL VALDEZ
"MORENA,PT,PVEM,NAS,PES",URES,PRESIDENTE MUNICIPAL,AYUNTAMIENTOS,JOSE MANUEL VALENZUELA SALCIDO
"MORENA,PT,PVEM,NAS,PES",VILLA HIDALGO,PRESIDENTE MUNICIPAL,AYUNTAMIENTOS,FAUSTO DURAN RODRIGUEZ
"MORENA,PT,PVEM,NAS,PES",VILLA PESQUEIRA,PRESIDENTE MUNICIPAL,AYUNTAMIENTOS,FRANCISCA ICELA CORDOVA GALVEZ
"MORENA,PT,PVEM,NAS,PES",YECORA,PRESIDENTE MUNICIPAL,AYUNTAMIENTOS,DIANA ZULETH RUIZ ACUÑA
MOVIMIENTO CIUDADANO,ACONCHI,PRESIDENTE MUNICIPAL,AYUNTAMIENTOS,ELMER HERRERA MALDONADO
MOVIMIENTO CIUDADANO,AGUA PRIETA,PRESIDENTE MUNICIPAL,AYUNTAMIENTOS,YANIK KARELLY PEÑA FIGUEROA
MOVIMIENTO CIUDADANO,ALAMOS,PRESIDENTE MUNICIPAL,AYUNTAMIENTOS,ELEAZAR RODRIGUEZ ROMERO
MOVIMIENTO CIUDADANO,ALTAR,PRESIDENTE MUNICIPAL,AYUNTAMIENTOS,DALIA VANESSA ARAIZA PELAYO
MOVIMIENTO CIUDADANO,ARIVECHI,PRESIDENTE MUNICIPAL,AYUNTAMIENTOS,ABEL FRANCISCO ROBLES GAMEZ
MOVIMIENTO CIUDADANO,ARIZPE,PRESIDENTE MUNICIPAL,AYUNTAMIENTOS,DAVID LEON SIQUEIROS
MOVIMIENTO CIUDADANO,BACOACHI,PRESIDENTE MUNICIPAL,AYUNTAMIENTOS,TOMAS ABELARDO LUJAN SANTA CRUZ
MOVIMIENTO CIUDADANO,BACUM,PRESIDENTE MUNICIPAL,AYUNTAMIENTOS,JOSE IGNACIO CINCO FRANCO
MOVIMIENTO CIUDADANO,BANAMICHI,PRESIDENTE MUNICIPAL,AYUNTAMIENTOS,ALMA LETICIA GONZALEZ RIVERA
MOVIMIENTO CIUDADANO,BAVIACORA,PRESIDENTE MUNICIPAL,AYUNTAMIENTOS,ROSA IRENE RUIZ GARCIA
MOVIMIENTO CIUDADANO,BENITO JUAREZ,PRESIDENTE MUNICIPAL,AYUNTAMIENTOS,CESAR ENRIQUE LUGO GUTIERREZ
MOVIMIENTO CIUDADANO,BENJAMIN HILL,PRESIDENTE MUNICIPAL,AYUNTAMIENTOS,MARIA GUADALUPE PEÑA BAUTISTA
MOVIMIENTO CIUDADANO,CABORCA,PRESIDENTE MUNICIPAL,AYUNTAMIENTOS,CRISTINA GUADALUPE RENTERIA RODRIGUEZ
MOVIMIENTO CIUDADANO,CAJEME,PRESIDENTE MUNICIPAL,AYUNTAMIENTOS,ADRIANA TORRES DE LA HUERTA
MOVIMIENTO CIUDADANO,CANANEA,PRESIDENTE MUNICIPAL,AYUNTAMIENTOS,REYES OCTAVIO ORTEZ MUSSO
MOVIMIENTO CIUDADANO,CARBO,PRESIDENTE MUNICIPAL,AYUNTAMIENTOS,OSCAR VELASQUEZ ACUÑA
MOVIMIENTO CIUDADANO,CUMPAS,PRESIDENTE MUNICIPAL,AYUNTAMIENTOS,JESUS HECTOR HERNANDEZ PERALTA
MOVIMIENTO CIUDADANO,DIVISADEROS,PRESIDENTE MUNICIPAL,AYUNTAMIENTOS,ISRAEL ALEGRIA DUARTE
MOVIMIENTO CIUDADANO,EMPALME,PRESIDENTE MUNICIPAL,AYUNTAMIENTOS,ROBERTO ROMERO GUERRERO
MOVIMIENTO CIUDADANO,ETCHOJOA,PRESIDENTE MUNICIPAL,AYUNTAMIENTOS,JOSE SALVADOR VALENZUELA GUERRA
MOVIMIENTO CIUDADANO,FRONTERAS,PRESIDENTE MUNICIPAL,AYUNTAMIENTOS,ISRAEL QUIJADA HERNANDEZ
MOVIMIENTO CIUDADANO,GENERAL PLUTARCO ELIAS CALLES,PRESIDENTE MUNICIPAL,AYUNTAMIENTOS,MARIA GUADALUPE BARRAGAN SARABIA
MOVIMIENTO CIUDADANO,GRANADOS,PRESIDENTE MUNICIPAL,AYUNTAMIENTOS,JOSE VINICIO DURAZO DURAZO
MOVIMIENTO CIUDADANO,GUAYMAS,PRESIDENTE MUNICIPAL,AYUNTAMIENTOS,MANUEL AGUILAR SOTO
MOVIMIENTO CIUDADANO,HERMOSILLO,PRESIDENTE MUNICIPAL,AYUNTAMIENTOS,NATALIA RIVERA GRIJALVA
MOVIMIENTO CIUDADANO,HUATABAMPO,PRESIDENTE MUNICIPAL,AYUNTAMIENTOS,JULIO LOPEZ MOLINA
MOVIMIENTO CIUDADANO,HUEPAC,PRESIDENTE MUNICIPAL,AYUNTAMIENTOS,MILBA DANILA LOPEZ SAAVEDRA
MOVIMIENTO CIUDADANO,IMURIS,PRESIDENTE MUNICIPAL,AYUNTAMIENTOS,NORMANDO ABDALA ROBLES
MOVIMIENTO CIUDADANO,LA COLORADA,PRESIDENTE MUNICIPAL,AYUNTAMIENTOS,ROMEO ERNESTO PORCHAS SERECER
MOVIMIENTO CIUDADANO,MAGDALENA,PRESIDENTE MUNICIPAL,AYUNTAMIENTOS,RUBI IRIDIAN RUIZ VALLE
MOVIMIENTO CIUDADANO,MAZATAN,PRESIDENTE MUNICIPAL,AYUNTAMIENTOS,ALEJANDRO GALVEZ MORENO
MOVIMIENTO CIUDADANO,MOCTEZUMA,PRESIDENTE MUNICIPAL,AYUNTAMIENTOS,KIARA YAMILET CASTRO CORDOVA
MOVIMIENTO CIUDADANO,NACO,PRESIDENTE MUNICIPAL,AYUNTAMIENTOS,JOSE LUIS TORRES BRACAMONTE
MOVIMIENTO CIUDADANO,NACORI CHICO,PRESIDENTE MUNICIPAL,AYUNTAMIENTOS,FRANCISCA GAMEZ GARCIA
MOVIMIENTO CIUDADANO,NACOZARI DE GARCIA,PRESIDENTE MUNICIPAL,AYUNTAMIENTOS,IRMA ELSA HERNANDEZ VILLA
MOVIMIENTO CIUDADANO,NAVOJOA,PRESIDENTE MUNICIPAL,AYUNTAMIENTOS,JESUS ADOLFO DOMINGUEZ LOPEZ
MOVIMIENTO CIUDADANO,NOGALES,PRESIDENTE MUNICIPAL,AYUNTAMIENTOS,MANUEL HOPKINS RUIZ
MOVIMIENTO CIUDADANO,ONAVAS,PRESIDENTE MUNICIPAL,AYUNTAMIENTOS,VERONICA VALENZUELA AVILES
MOVIMIENTO CIUDADANO,OPODEPE,PRESIDENTE MUNICIPAL,AYUNTAMIENTOS,MARIA CECILIA DUARTE QUIJADA
MOVIMIENTO CIUDADANO,PITIQUITO,PRESIDENTE MUNICIPAL,AYUNTAMIENTOS,AARON EDGARDO DEL REAL LOPEZ
MOVIMIENTO CIUDADANO,PUERTO PEÑASCO,PRESIDENTE MUNICIPAL,AYUNTAMIENTOS,ALAN RENTERÍA MORALES
MOVIMIENTO CIUDADANO,QUIRIEGO,PRESIDENTE MUNICIPAL,AYUNTAMIENTOS,ADRIAN VILLELA DUARTE
MOVIMIENTO CIUDADANO,RAYON,PRESIDENTE MUNICIPAL,AYUNTAMIENTOS,ITZEL JAZMIN GRANILLO CASILLAS
MOVIMIENTO CIUDADANO,ROSARIO,PRESIDENTE MUNICIPAL,AYUNTAMIENTOS,CHRISTIAN EDITH ENCINAS CAMACHO
MOVIMIENTO CIUDADANO,SAHUARIPA,PRESIDENTE MUNICIPAL,AYUNTAMIENTOS,YVONNE ALEJANDRA COTA RUIZ
MOVIMIENTO CIUDADANO,SAN FELIPE DE JESUS,PRESIDENTE MUNICIPAL,AYUNTAMIENTOS,JESUS ALBERTO BALLESTEROS QUIROGA
MOVIMIENTO CIUDADANO,SAN IGNACIO RIO MUERTO,PRESIDENTE MUNICIPAL,AYUNTAMIENTOS,ANGEL LUIS GARCIA QUIÑONEZ
MOVIMIENTO CIUDADANO,SAN JAVIER,PRESIDENTE MUNICIPAL,AYUNTAMIENTOS,ADILENNE CAROLINA QUIJADA AMAVIZCA
MOVIMIENTO CIUDADANO,SAN LUIS RIO COLORADO,PRESIDENTE MUNICIPAL,AYUNTAMIENTOS,GLORIA REBECA CHIN GALAVIZ HURTADO
MOVIMIENTO CIUDADANO,SAN MIGUEL DE HORCASITAS,PRESIDENTE MUNICIPAL,AYUNTAMIENTOS,MARLON IVAN FELIX FLORES
MOVIMIENTO CIUDADANO,SAN PEDRO DE LA CUEVA,PRESIDENTE MUNICIPAL,AYUNTAMIENTOS,ROSA MARIA MINJAREZ MENDOZA
MOVIMIENTO CIUDADANO,SANTA ANA,PRESIDENTE MUNICIPAL,AYUNTAMIENTOS,MARITZA HAYDEE SALAZAR LÓPEZ
MOVIMIENTO CIUDADANO,SANTA CRUZ,PRESIDENTE MUNICIPAL,AYUNTAMIENTOS,ALMA GUADALUPE TELLEZ SALOMON
MOVIMIENTO CIUDADANO,SOYOPA,PRESIDENTE MUNICIPAL,AYUNTAMIENTOS,PAULETTE ENCINAS MIRANDA
MOVIMIENTO CIUDADANO,TEPACHE,PRESIDENTE MUNICIPAL,AYUNTAMIENTOS,MARTINA ANAYA ANAYA
MOVIMIENTO CIUDADANO,TRINCHERAS,PRESIDENTE MUNICIPAL,AYUNTAMIENTOS,REYNA CRISTINA MURRIETA MONTIJO
MOVIMIENTO CIUDADANO,URES,PRESIDENTE MUNICIPAL,AYUNTAMIENTOS,ERIKA DE LOS REYES CORONADO
MOVIMIENTO CIUDADANO,VILLA HIDALGO,PRESIDENTE MUNICIPAL,AYUNTAMIENTOS,FRANCISCO JAVIER CAMPA DURAZO
MOVIMIENTO CIUDADANO,VILLA PESQUEIRA,PRESIDENTE MUNICIPAL,AYUNTAMIENTOS,HECTOR GUILLERMO YBARRA OZUNA
MOVIMIENTO CIUDADANO,YECORA,PRESIDENTE MUNICIPAL,AYUNTAMIENTOS,ARELY GUADALUPE GARCIA PERLA
NUEVA ALIANZA SONORA,HUASABAS,PRESIDENTE MUNICIPAL,AYUNTAMIENTOS,JESÚS ALBERTO URQUIJO RAMIREZ
"PAN,PRI,PRD",FRONTERAS,PRESIDENTE MUNICIPAL,AYUNTAMIENTOS,ARCELIA ESMERALDA CRUZ SALAS
"PAN,PRI,PRD",GENERAL PLUTARCO ELIAS CALLES,PRESIDENTE MUNICIPAL,AYUNTAMIENTOS,JOSE VAZQUEZ MIRANDA
"PAN,PRI,PRD",ROSARIO,PRESIDENTE MUNICIPAL,AYUNTAMIENTOS,ANDRES BENJAMIN CUAMEA CLARK
PAN,ATIL,PRESIDENTE MUNICIPAL,AYUNTAMIENTOS,ISABEL CRISTINA URIAS CELAYA
PAN,BACUM,PRESIDENTE MUNICIPAL,AYUNTAMIENTOS,ERY GUADALUPE VILLANUEVA GAXIOLA
PAN,BANAMICHI,PRESIDENTE MUNICIPAL,AYUNTAMIENTOS,MARTIN ALFREDO VEGA MARTINEZ
PAN,BAVIACORA,PRESIDENTE MUNICIPAL,AYUNTAMIENTOS,JESUS FRANCISCO MARTIN MIRANDA VILLA
PAN,BENITO JUAREZ,PRESIDENTE MUNICIPAL,AYUNTAMIENTOS,ALICIA CAMPOY LUCENILLA
PAN,BENJAMIN HILL,PRESIDENTE MUNICIPAL,AYUNTAMIENTOS,CRISTIANTH RICARDO CRUZ PEREZ
PAN,CARBO,PRESIDENTE MUNICIPAL,AYUNTAMIENTOS,MARISOL GUADALUPE CARRILLO ROBLES
PAN,CUCURPE,PRESIDENTE MUNICIPAL,AYUNTAMIENTOS,LUZ CONSUELO SIRAITARE MONTIJO
PAN,EMPALME,PRESIDENTE MUNICIPAL,AYUNTAMIENTOS,ELIZABETH MEZA GONZALEZ
PAN,IMURIS,PRESIDENTE MUNICIPAL,AYUNTAMIENTOS,YESENIA ALFARO CAZORLA
PAN,NACO,PRESIDENTE MUNICIPAL,AYUNTAMIENTOS,JOSE LORENZO VILLEGAS VAZQUEZ
PAN,OQUITOA,PRESIDENTE MUNICIPAL,AYUNTAMIENTOS,RAMON VALENCIA GARCIA
PAN,SAN JAVIER,PRESIDENTE MUNICIPAL,AYUNTAMIENTOS,LYDIA VASQUEZ DORAME
PAN,SANTA ANA,PRESIDENTE MUNICIPAL,AYUNTAMIENTOS,JUAN JOSE ARAIZA RODRIGUEZ
PAN,SUAQUI GRANDE,PRESIDENTE MUNICIPAL,AYUNTAMIENTOS,GILDARDO OLIVARRIA RUIZ
PAN,TEPACHE,PRESIDENTE MUNICIPAL,AYUNTAMIENTOS,MARIA ARELY MARTINEZ GARCIA
PAN,VILLA PESQUEIRA,PRESIDENTE MUNICIPAL,AYUNTAMIENTOS,MARTHA OFELIA SOTO CAZAREZ
PRD,ATIL,PRESIDENTE MUNICIPAL,AYUNTAMIENTOS,ALMA DELIA CELAYA URIAS
PRD,BACOACHI,PRESIDENTE MUNICIPAL,AYUNTAMIENTOS,ROSENDO LOPEZ DAVALOS
PRD,BACUM,PRESIDENTE MUNICIPAL,AYUNTAMIENTOS,ROGELIO ABOYTE LIMON
PRD,BANAMICHI,PRESIDENTE MUNICIPAL,AYUNTAMIENTOS,MARIA AUXILIADORA RODRIGUEZ LOPEZ
PRD,BENITO JUAREZ,PRESIDENTE MUNICIPAL,AYUNTAMIENTOS,DELIA MARIA CABALLERO VALENCIA
PRD,CARBO,PRESIDENTE MUNICIPAL,AYUNTAMIENTOS,NATANAHEL CORDOVA BON
PRD,CUCURPE,PRESIDENTE MUNICIPAL,AYUNTAMIENTOS,JOSE LORENZO SAAVEDRA LEON
PRD,EMPALME,PRESIDENTE MUNICIPAL,AYUNTAMIENTOS,JOSE LUIS CASTILLO GODINEZ
PRD,IMURIS,PRESIDENTE MUNICIPAL,AYUNTAMIENTOS,CLAUDIA VIANEY HINOJOSA SANCHEZ
PRD,NACO,PRESIDENTE MUNICIPAL,AYUNTAMIENTOS,AMALIA CASTILLO 
PRD,OQUITOA,PRESIDENTE MUNICIPAL,AYUNTAMIENTOS,ESMERALDA LOERA VALENZUELA
PRD,SANTA ANA,PRESIDENTE MUNICIPAL,AYUNTAMIENTOS,IRMA SOTO MENDIVIL
PRD,SUAQUI GRANDE,PRESIDENTE MUNICIPAL,AYUNTAMIENTOS,MARIA GUADALUPE VASQUEZ ROBLES
PRD,TEPACHE,PRESIDENTE MUNICIPAL,AYUNTAMIENTOS,FRANCISCO BLANCO BLANCO
PRD,VILLA PESQUEIRA,PRESIDENTE MUNICIPAL,AYUNTAMIENTOS,RUBEN ALFONSO RODRIGUEZ LEON
PT,ALTAR,PRESIDENTE MUNICIPAL,AYUNTAMIENTOS,GUILLERMO LOPEZ CAÑEZ
PT,BENITO JUAREZ,PRESIDENTE MUNICIPAL,AYUNTAMIENTOS,HERMELINDA CARRILLO MORALES
PT,CUMPAS,PRESIDENTE MUNICIPAL,AYUNTAMIENTOS,JUAN DIEGO URIAS VARELA
PT,NACO,PRESIDENTE MUNICIPAL,AYUNTAMIENTOS,LETICIA PARTIDA RAMIREZ
PES,BENITO JUAREZ,PRESIDENTE MUNICIPAL,AYUNTAMIENTOS,ROSARIO ADRIANA GARCIA BRICEÑO
PES,TRINCHERAS,PRESIDENTE MUNICIPAL,AYUNTAMIENTOS,RAFAEL MURRIETA MATA
PRI,ATIL,PRESIDENTE MUNICIPAL,AYUNTAMIENTOS,IRMA ALICIA URIAS CELAYA
PRI,BACOACHI,PRESIDENTE MUNICIPAL,AYUNTAMIENTOS,ALEJANDRA SOTO AVECHUCO
PRI,BACUM,PRESIDENTE MUNICIPAL,AYUNTAMIENTOS,VICTOR HUGO HIGUERA CORRAL
PRI,BANAMICHI,PRESIDENTE MUNICIPAL,AYUNTAMIENTOS,MARIA TERESA VEGA CHA
PRI,BAVIACORA,PRESIDENTE MUNICIPAL,AYUNTAMIENTOS,DAVID ALEJANDRO HERRERA BUSTAMANTE
PRI,BENITO JUAREZ,PRESIDENTE MUNICIPAL,AYUNTAMIENTOS,FRANCISCO JAVIER ESPINOZA CALVO
PRI,BENJAMIN HILL,PRESIDENTE MUNICIPAL,AYUNTAMIENTOS,MONICA PATRICIA SOLANO COCOBA
PRI,CARBO,PRESIDENTE MUNICIPAL,AYUNTAMIENTOS,SHEYLA MARIA GARCIA GUTIERREZ
PRI,EMPALME,PRESIDENTE MUNICIPAL,AYUNTAMIENTOS,MARIA JESUS LIZARRAGA ZAZUETA
PRI,IMURIS,PRESIDENTE MUNICIPAL,AYUNTAMIENTOS,JESÚS LEONARDO GARCIA ACEDO
PRI,NACO,PRESIDENTE MUNICIPAL,AYUNTAMIENTOS,MARIA DE LA LUZ GASTELUM SOLIS
PRI,OQUITOA,PRESIDENTE MUNICIPAL,AYUNTAMIENTOS,SERGIO FRANCISCO CELAYA ORTIZ
PRI,SAN JAVIER,PRESIDENTE MUNICIPAL,AYUNTAMIENTOS,JOSE ALBERTO ALDAY AYALA
PRI,SANTA ANA,PRESIDENTE MUNICIPAL,AYUNTAMIENTOS,JAVIER FRANCISCO MORENO DAVILA
PRI,TEPACHE,PRESIDENTE MUNICIPAL,AYUNTAMIENTOS,CESAR VELARDE SANCHEZ
PRI,VILLA PESQUEIRA,PRESIDENTE MUNICIPAL,AYUNTAMIENTOS,ANGELITA GARCIA CORDOVA
PARTIDO SONORENSE,AGUA PRIETA,PRESIDENTE MUNICIPAL,AYUNTAMIENTOS,GUADALUPE RUIZ HERRERA
PARTIDO SONORENSE,ALAMOS,PRESIDENTE MUNICIPAL,AYUNTAMIENTOS,JOSE RAMON CASTILLO OSORIO
PARTIDO SONORENSE,ARIZPE,PRESIDENTE MUNICIPAL,AYUNTAMIENTOS,ROSA GUADALUPE DORAME MIRANDA
PARTIDO SONORENSE,ATIL,PRESIDENTE MUNICIPAL,AYUNTAMIENTOS,JUAN FRANCISCO CALDERON MENDEZ
PARTIDO SONORENSE,BACADEHUACHI,PRESIDENTE MUNICIPAL,AYUNTAMIENTOS,CESAR KEVIN BORBON FIGUEROA
PARTIDO SONORENSE,BACUM,PRESIDENTE MUNICIPAL,AYUNTAMIENTOS,MATILDE NOYRA ROSAS TALAMANTE
PARTIDO SONORENSE,BANAMICHI,PRESIDENTE MUNICIPAL,AYUNTAMIENTOS,MARIA YOANA YORYETH MIRANDA
PARTIDO SONORENSE,BAVIACORA,PRESIDENTE MUNICIPAL,AYUNTAMIENTOS,CHRISTIAN MARGOT ESPINOZA RAZO
PARTIDO SONORENSE,BENITO JUAREZ,PRESIDENTE MUNICIPAL,AYUNTAMIENTOS,FRANCISCO DAVID MARTINEZ NIEBLAS
PARTIDO SONORENSE,BENJAMIN HILL,PRESIDENTE MUNICIPAL,AYUNTAMIENTOS,FRANCISCO ERNESTO LOPEZ NAVARRO
PARTIDO SONORENSE,CABORCA,PRESIDENTE MUNICIPAL,AYUNTAMIENTOS,SUSANA GUADALUPE PARRA BUSTAMANTE
PARTIDO SONORENSE,CAJEME,PRESIDENTE MUNICIPAL,AYUNTAMIENTOS,MARIA DE LOURDES FELIX PEÑUÑURI
PARTIDO SONORENSE,CANANEA,PRESIDENTE MUNICIPAL,AYUNTAMIENTOS,JOSE ROBERTO BOJORQUEZ DELGADILLO
PARTIDO SONORENSE,CARBO,PRESIDENTE MUNICIPAL,AYUNTAMIENTOS,ALMA ALICIA SIQUEIROS SANCHEZ
PARTIDO SONORENSE,CUMPAS,PRESIDENTE MUNICIPAL,AYUNTAMIENTOS,OFELIA LIBRADA OROS MIRANDA
PARTIDO SONORENSE,DIVISADEROS,PRESIDENTE MUNICIPAL,AYUNTAMIENTOS,GLORIA ALICIA INZUNZA MONTAÑO
PARTIDO SONORENSE,EMPALME,PRESIDENTE MUNICIPAL,AYUNTAMIENTOS,JOSE LUIS HERNANDEZ MORA
PARTIDO SONORENSE,ETCHOJOA,PRESIDENTE MUNICIPAL,AYUNTAMIENTOS,ANA LILIA CORDOVA HERRERA
PARTIDO SONORENSE,GENERAL PLUTARCO ELIAS CALLES,PRESIDENTE MUNICIPAL,AYUNTAMIENTOS,URIEL LOPEZ RIOS
PARTIDO SONORENSE,GRANADOS,PRESIDENTE MUNICIPAL,AYUNTAMIENTOS,MARIA DE LOS ANGELES DURAZO LUCERO
PARTIDO SONORENSE,GUAYMAS,PRESIDENTE MUNICIPAL,AYUNTAMIENTOS,FRANCISCO JAVIER VILLAFLOR BOJORQUEZ
PARTIDO SONORENSE,HERMOSILLO,PRESIDENTE MUNICIPAL,AYUNTAMIENTOS,JUAN EDUARDO RUIZ PALAFOX
PARTIDO SONORENSE,HUACHINERA,PRESIDENTE MUNICIPAL,AYUNTAMIENTOS,SAMUEL DAVILA BALLESTEROS
PARTIDO SONORENSE,HUASABAS,PRESIDENTE MUNICIPAL,AYUNTAMIENTOS,ROSARIO VALENCIA MENDEZ
PARTIDO SONORENSE,HUATABAMPO,PRESIDENTE MUNICIPAL,AYUNTAMIENTOS,GERARDO GAYTAN FOX
PARTIDO SONORENSE,HUEPAC,PRESIDENTE MUNICIPAL,AYUNTAMIENTOS,BLANCA LUZ QUIJADA CORRALES
PARTIDO SONORENSE,IMURIS,PRESIDENTE MUNICIPAL,AYUNTAMIENTOS,JESUS ALBERTO RENTERIA VASQUEZ
PARTIDO SONORENSE,LA COLORADA,PRESIDENTE MUNICIPAL,AYUNTAMIENTOS,JOEL ADRIAN ACUÑA ALCARAZ
PARTIDO SONORENSE,MAZATAN,PRESIDENTE MUNICIPAL,AYUNTAMIENTOS,ALEJANDRA RIVERA GRACIA
PARTIDO SONORENSE,MOCTEZUMA,PRESIDENTE MUNICIPAL,AYUNTAMIENTOS,MARTIN FIMBRES TERAN
PARTIDO SONORENSE,NACORI CHICO,PRESIDENTE MUNICIPAL,AYUNTAMIENTOS,MARIA GRISELDA GUTIERREZ MORALES
PARTIDO SONORENSE,NAVOJOA,PRESIDENTE MUNICIPAL,AYUNTAMIENTOS,BERENICE JIMENEZ HERNANDEZ
PARTIDO SONORENSE,NOGALES,PRESIDENTE MUNICIPAL,AYUNTAMIENTOS,DORA ALICIA RUELAS ARMENTA
PARTIDO SONORENSE,ONAVAS,PRESIDENTE MUNICIPAL,AYUNTAMIENTOS,PEDRO GARELIZ MUNGUIA
PARTIDO SONORENSE,OPODEPE,PRESIDENTE MUNICIPAL,AYUNTAMIENTOS,MARTHA NOHELIA VALENZUELA COCOBA
PARTIDO SONORENSE,OQUITOA,PRESIDENTE MUNICIPAL,AYUNTAMIENTOS,SAMUEL CHAIRA FEDERICO
PARTIDO SONORENSE,PITIQUITO,PRESIDENTE MUNICIPAL,AYUNTAMIENTOS,JOSE ERNESTO GAXIOLA CUELLAR
PARTIDO SONORENSE,PUERTO PEÑASCO,PRESIDENTE MUNICIPAL,AYUNTAMIENTOS,ARCETH RUBI VALDES ALVARADO
PARTIDO SONORENSE,QUIRIEGO,PRESIDENTE MUNICIPAL,AYUNTAMIENTOS,FREDI RENATO FLORES CAMPOS
PARTIDO SONORENSE,RAYON,PRESIDENTE MUNICIPAL,AYUNTAMIENTOS,GUADALUPE CRUZ VASQUEZ
PARTIDO SONORENSE,SAHUARIPA,PRESIDENTE MUNICIPAL,AYUNTAMIENTOS,GLORIA ALICIA BIEBRICH PEÑA
PARTIDO SONORENSE,SAN IGNACIO RIO MUERTO,PRESIDENTE MUNICIPAL,AYUNTAMIENTOS,ESEQUIEL MENDIVIL MENDOZA
PARTIDO SONORENSE,SAN LUIS RIO COLORADO,PRESIDENTE MUNICIPAL,AYUNTAMIENTOS,MARCOS JAVIER PORTILLO ESPINOZA
PARTIDO SONORENSE,SAN MIGUEL DE HORCASITAS,PRESIDENTE MUNICIPAL,AYUNTAMIENTOS,CARLOS GABRIEL LABRADA PRECIADO
PARTIDO SONORENSE,SAN PEDRO DE LA CUEVA,PRESIDENTE MUNICIPAL,AYUNTAMIENTOS,ALEJANDRO LAMEDA ANDRADE
PARTIDO SONORENSE,SANTA ANA,PRESIDENTE MUNICIPAL,AYUNTAMIENTOS,ELVA NIDIA LOPEZ HAROS
PARTIDO SONORENSE,SOYOPA,PRESIDENTE MUNICIPAL,AYUNTAMIENTOS,GERARDO MORENO CARRILLO
PARTIDO SONORENSE,SUAQUI GRANDE,PRESIDENTE MUNICIPAL,AYUNTAMIENTOS,ANA PATRICIA ESPINOZA DUARTE
PARTIDO SONORENSE,TEPACHE,PRESIDENTE MUNICIPAL,AYUNTAMIENTOS,ANA YADIRA QUEVEDO BARRAGAN
PARTIDO SONORENSE,TUBUTAMA,PRESIDENTE MUNICIPAL,AYUNTAMIENTOS,IRABIEN NÚÑEZ MONTOYA
PARTIDO SONORENSE,URES,PRESIDENTE MUNICIPAL,AYUNTAMIENTOS,ANA ISABEL BRACAMONTE FUENTES
PARTIDO SONORENSE,YECORA,PRESIDENTE MUNICIPAL,AYUNTAMIENTOS,IRAM GUADALUPE MELENDREZ JACOBO
PVEM,ALTAR,PRESIDENTE MUNICIPAL,AYUNTAMIENTOS,LEONARDO QUIHUIS BUSTAMANTE
PVEM,BACOACHI,PRESIDENTE MUNICIPAL,AYUNTAMIENTOS,DANIELA MARIA GALLEGO GALVEZ
PVEM,BENITO JUAREZ,PRESIDENTE MUNICIPAL,AYUNTAMIENTOS,ROSA GUADALUPE QUINTANA BELTRAN
PVEM,IMURIS,PRESIDENTE MUNICIPAL,AYUNTAMIENTOS,NATIVIDAD RAMIREZ DUARTE
